{
	"class_name" : "PinholeCameraParameters",
	"extrinsic" : 
	[
		0.23095643901500143,
		-0.018892257613653429,
		0.97278065661266588,
		0.0,
		-0.85077045058725154,
		-0.48901589690306396,
		0.19249179978289188,
		0.0,
		0.47206860061338007,
		-0.87207025816636541,
		-0.12901434469303708,
		0.0,
		-3.670187389886733,
		1.1857984723780519,
		4.3728106771745709,
		1.0
	],
	"intrinsic" : 
	{
		"height" : 1061,
		"intrinsic_matrix" : 
		[
			918.85295341528945,
			0.0,
			0.0,
			0.0,
			918.85295341528945,
			0.0,
			959.5,
			530.0,
			1.0
		],
		"width" : 1920
	},
	"version_major" : 1,
	"version_minor" : 0
}