{
	"class_name" : "PinholeCameraParameters",
	"extrinsic" : 
	[
		-0.2446617211983208,
		-0.047650120604052847,
		0.96843694073837061,
		0.0,
		-0.96783012170889071,
		0.072466584162070774,
		-0.24094283490661345,
		0.0,
		-0.058698361929692952,
		-0.99623193092085793,
		-0.063847021234118978,
		0.0,
		-0.71943599058361185,
		1.679057340678527,
		3.3817228347297013,
		1.0
	],
	"intrinsic" : 
	{
		"height" : 1061,
		"intrinsic_matrix" : 
		[
			918.85295341528945,
			0.0,
			0.0,
			0.0,
			918.85295341528945,
			0.0,
			959.5,
			530.0,
			1.0
		],
		"width" : 1920
	},
	"version_major" : 1,
	"version_minor" : 0
}